addManufacturer,Manufacturer_1,Israel,Haifa,StreetName_1,1,ZipCode_1,0.15,,,,
addManufacturer,Manufacturer_1,Israel,Haifa,StreetName_1,1,ZipCode_1,0.15,,,,
addManufacturer,Manufacturer_2,United Kingdom,London,StreetName_2,2,ZipCode_2,0.25,,,,
addManufacturer,Manufacturer_3,France,Paris,StreetName_3,3,ZipCode_3,0.1,,,,
addManufacturer,Manufacturer_4,USA,New York,StreetName_4,4,ZipCode_4,0.3,,,,
addManufacturer,Manufacturer_5,Italy,Rome,StreetName_5,5,ZipCode_5,0.15,,,,
addManufacturer,Manufacturer_6,Israel,Tel Aviv,StreetName_6,6,ZipCode_6,0.25,,,,
addManufacturer,Manufacturer_7,United Kingdom,Manchester,StreetName_7,7,ZipCode_7,0.1,,,,
addManufacturer,Manufacturer_8,France,Marseille,StreetName_8,8,ZipCode_8,0.3,,,,
addManufacturer,Manufacturer_9,USA,Los Angeles,StreetName_9,9,ZipCode_9,0.15,,,,
addManufacturer,Manufacturer_10,Italy,Rome,StreetName_10,10,ZipCode_10,0.25,,,,
addManufacturer,Manufacturer_11,Israel,Haifa,StreetName_11,11,ZipCode_11,0.1,,,,
addManufacturer,Manufacturer_12,United Kingdom,Liverpool,StreetName_12,12,ZipCode_12,0.3,,,,
addManufacturer,Manufacturer_13,France,Paris,StreetName_13,13,ZipCode_13,0.15,,,,
addManufacturer,Manufacturer_14,USA,Miami,StreetName_14,14,ZipCode_14,0.25,,,,
addManufacturer,Manufacturer_15,Italy,Naples,StreetName_15,15,ZipCode_15,0.1,,,,
addManufacturer,Manufacturer_16,Israel,Jerusalem,StreetName_16,16,ZipCode_16,0.3,,,,
addManufacturer,Manufacturer_17,United Kingdom,London,StreetName_17,17,ZipCode_17,0.15,,,,
addManufacturer,Manufacturer_18,France,Marseille,StreetName_18,18,ZipCode_18,0.25,,,,
addManufacturer,Manufacturer_19,USA,New York,StreetName_19,19,ZipCode_19,0.1,,,,
addManufacturer,Manufacturer_20,Italy,Venice,StreetName_20,20,ZipCode_20,0.3,,,,
addWarehouse,1,Israel,Haifa,StreetName_1,14,ZipCode_1,0,30,,,
addWarehouse,1,Israel,Haifa,StreetName_1,14,ZipCode_1,0,30,,,
addWarehouse,2,United Kingdom,London,StreetName_2,32,ZipCode_2,5,45,,,
addWarehouse,3,France,Paris,StreetName_3,22,ZipCode_3,4,0,,,
addWarehouse,4,USA,New York,StreetName_4,45,ZipCode_4,3,50,,,
addWarehouse,5,Italy,Rome,StreetName_5,14,ZipCode_5,2,30,,,
addWarehouse,6,Israel,Tel Aviv,StreetName_6,32,ZipCode_6,0,45,,,
addWarehouse,7,United Kingdom,Manchester,StreetName_7,22,ZipCode_7,0,0,,,
addWarehouse,8,France,Marseille,StreetName_8,45,ZipCode_8,5,50,,,
addWarehouse,9,USA,Los Angeles,StreetName_9,14,ZipCode_9,4,30,,,
addProductionPlanType,11,7,,,,,,,,,
addProductionPlanType,11,7,,,,,,,,,
addProductionPlanType,12,3,,,,,,,,,
addProductionPlanType,13,2,,,,,,,,,
addProductionPlanType,14,7,,,,,,,,,
addProductionPlanType,15,3,,,,,,,,,
addProductionPlanType,16,2,,,,,,,,,
addProductionPlan,20,11,,,,,,,,,
addProductionPlan,20,11,,,,,,,,,
addProductionPlan,21,12,,,,,,,,,
addProductionPlan,22,13,,,,,,,,,
addProductionPlan,23,14,,,,,,,,,
addProductionPlan,24,15,,,,,,,,,
addProductionPlan,25,16,,,,,,,,,
addProductionPlan,26,11,,,,,,,,,
addProductionPlan,27,12,,,,,,,,,
addProductionPlan,28,13,,,,,,,,,
addProductionPlan,29,14,,,,,,,,,
addVehicleModel,11,ModelName_1,MINI,100,120,2,FALSE,100000,01/01/2006T00:00,,
addVehicleModel,11,ModelName_1,MINI,100,120,2,FALSE,100000,01/01/2006T00:00,,
addVehicleModel,12,ModelName_2,COMPACT,200,130,4,TRUE,120000,05/06/1995T00:00,,
addVehicleModel,13,ModelName_3,MID,300,140,5,TRUE,50000,12/04/2004T00:00,,
addVehicleModel,14,ModelName_4,FULL,400,150,5,FALSE,1000000,01/01/2006T00:00,,
addVehicleModel,15,ModelName_5,LUX,500,160,5,TRUE,120000,05/06/1995T00:00,,
addVehicleModel,16,ModelName_6,SPORT,600,170,7,TRUE,50000,12/04/2004T00:00,,
addVehicleModel,11,ModelName_7,SUPER,700,180,1,FALSE,1000000,01/01/2006T00:00,,
addVehicleModel,12,ModelName_8,VAN,100,120,3,TRUE,120000,05/06/1995T00:00,,
addVehicleModel,13,ModelName_9,SUV,200,130,6,TRUE,50000,12/04/2004T00:00,,
addVehicleModel,14,ModelName_10,SUPER,300,140,2,FALSE,1000000,01/01/2006T00:00,,
addPartType,30,Seat,INTERIOR,1000,,,,,,,
addPartType,30,Seat,INTERIOR,1000,,,,,,,
addPartType,31,Engine,MECHANICS,3000,,,,,,,
addPartType,32,Tail light,ELECTRICITY,150,,,,,,,
addPartType,33,Brakes,HYDRAULICS,300,,,,,,,
addPartType,34,Left Mirror,EXTERIOR,50,,,,,,,
addPartType,35,Right Mirror,EXTERIOR,50,,,,,,,
addPartType,36,Door Handle,INTERIOR,10,,,,,,,
addPartType,37,Gear,MECHANICS,1000,,,,,,,
addPartType,38,Alternator,ELECTRICITY,200,,,,,,,
addPartType,39,Cooling,HYDRAULICS,300,,,,,,,
addGuard,300000031,Guard_1,Israel,Haifa,StreetName_1,1,ZipCode_1,01/01/1950T00:00,01/01/1990T00:00,6000,1
addGuard,300000032,Guard_2,United Kingdom,London,StreetName_2,2,ZipCode_2,02/02/1960T00:00,02/02/1991T00:00,5000,2
addGuard,300000033,Guard_3,France,Paris,StreetName_3,3,ZipCode_3,03/03/1970T00:00,03/03/1992T00:00,7000,3
addGuard,300000034,Guard_4,USA,New York,StreetName_4,4,ZipCode_4,04/04/1980T00:00,04/04/1993T00:00,5500,4
addGuard,300000035,Guard_5,Italy,Rome,StreetName_5,5,ZipCode_5,05/05/1955T00:00,05/05/1994T00:00,4400,5
addGuard,300000036,Guard_6,Israel,Tel Aviv,StreetName_6,6,ZipCode_6,06/06/1966T00:00,06/06/1995T00:00,6600,6
addGuard,300000037,Guard_7,United Kingdom,Manchester,StreetName_7,7,ZipCode_7,07/07/1977T00:00,07/07/1996T00:00,5432,7
addGuard,300000038,Guard_8,France,Marseille,StreetName_8,8,ZipCode_8,08/08/1988T00:00,08/08/1997T00:00,6543,8
addGuard,300000039,Guard_9,USA,Los Angeles,StreetName_9,9,ZipCode_9,2018/09/1949T00:00,09/09/1998T00:00,5454,9
addShiftManager,300000031,Manager_1,Israel,Haifa,StreetName_1,1,ZipCode_1,01/01/1950T00:00,01/01/1990T00:00,80,1000
addShiftManager,300000001,Manager_1,Israel,Haifa,StreetName_1,1,ZipCode_1,01/01/1950T00:00,01/01/1990T00:00,80,1000
addShiftManager,300000002,Manager_2,United Kingdom,London,StreetName_2,2,ZipCode_2,02/02/1960T00:00,02/02/1991T00:00,90,2000
addShiftManager,300000003,Manager_3,France,Paris,StreetName_3,3,ZipCode_3,03/03/1970T00:00,03/03/1992T00:00,100,1100
addShiftManager,300000004,Manager_4,USA,New York,StreetName_4,4,ZipCode_4,04/04/1980T00:00,04/04/1993T00:00,120,2200
addShiftManager,300000005,Manager_5,Italy,Rome,StreetName_5,5,ZipCode_5,05/05/1955T00:00,05/05/1994T00:00,80,1200
addShiftManager,300000006,Manager_6,Israel,Tel Aviv,StreetName_6,6,ZipCode_6,06/06/1966T00:00,06/06/1995T00:00,90,1300
addShiftManager,300000007,Manager_7,United Kingdom,Manchester,StreetName_7,7,ZipCode_7,07/07/1977T00:00,07/07/1996T00:00,100,1400
addShiftManager,300000008,Manager_8,France,Marseille,StreetName_8,8,ZipCode_8,08/08/1988T00:00,08/08/1997T00:00,120,1500
addShiftManager,300000009,Manager_9,USA,Los Angeles,StreetName_9,9,ZipCode_9,09/09/1949T00:00,09/09/1998T00:00,70,1600
addWorker,300000010,Worker_1,Israel,Haifa,StreetName_1,1,ZipCode_1,01/01/1950T00:00,01/01/1990T00:00,80,
addWorker,300000011,Worker_2,United Kingdom,London,StreetName_2,2,ZipCode_2,02/02/1960T00:00,02/02/1991T00:00,90,
addWorker,300000012,Worker_3,France,Paris,StreetName_3,3,ZipCode_3,03/03/1970T00:00,03/03/1992T00:00,100,
addWorker,300000013,Worker_4,USA,New York,StreetName_4,4,ZipCode_4,04/04/1980T00:00,04/04/1993T00:00,120,
addWorker,300000014,Worker_5,Italy,Rome,StreetName_5,5,ZipCode_5,05/05/1955T00:00,05/05/1994T00:00,80,
addWorker,300000015,Worker_6,Israel,Tel Aviv,StreetName_6,6,ZipCode_6,06/06/1966T00:00,06/06/1995T00:00,90,
addWorker,300000016,Worker_7,United Kingdom,Manchester,StreetName_7,7,ZipCode_7,07/07/1977T00:00,07/07/1996T00:00,100,
addWorker,300000017,Worker_8,France,Marseille,StreetName_8,8,ZipCode_8,08/08/1988T00:00,08/08/1997T00:00,120,
addWorker,300000018,Worker_9,USA,Los Angeles,StreetName_9,9,ZipCode_9,09/09/1949T00:00,09/09/1998T00:00,70,
addWorker,300000019,Worker_10,Israel,Haifa,StreetName_1,1,ZipCode_1,01/01/1950T00:00,01/01/1990T00:00,80,
addWorker,300000020,Worker_11,United Kingdom,London,StreetName_2,2,ZipCode_2,02/02/1960T00:00,02/02/1991T00:00,90,
addWorker,300000021,Worker_12,France,Paris,StreetName_3,3,ZipCode_3,03/03/1970T00:00,03/03/1992T00:00,100,
addWorker,300000022,Worker_13,USA,New York,StreetName_4,4,ZipCode_4,04/04/1980T00:00,04/04/1993T00:00,120,
addWorker,300000023,Worker_14,Italy,Rome,StreetName_5,5,ZipCode_5,05/05/1955T00:00,05/05/1994T00:00,80,
addWorker,300000024,Worker_15,Israel,Tel Aviv,StreetName_6,6,ZipCode_6,06/06/1966T00:00,06/06/1995T00:00,90,
addWorker,300000025,Worker_16,United Kingdom,Manchester,StreetName_7,7,ZipCode_7,07/07/1977T00:00,07/07/1996T00:00,100,
addWorker,300000026,Worker_17,France,Marseille,StreetName_8,8,ZipCode_8,08/08/1988T00:00,08/08/1997T00:00,120,
addWorker,300000027,Worker_18,USA,Los Angeles,StreetName_9,9,ZipCode_9,09/09/1949T00:00,09/09/1998T00:00,70,
addWorker,300000028,Worker_19,Israel,Haifa,StreetName_1,1,ZipCode_1,01/01/1950T00:00,01/01/1990T00:00,120,
addWorker,300000029,Worker_20,United Kingdom,London,StreetName_2,2,ZipCode_2,02/02/1960T00:00,02/02/1991T00:00,70,
addOrder,40,Manufacturer_1,300000001,10/12/2017T00:00,,,,,,,
addOrder,41,Manufacturer_2,300000002,15/03/2018T00:00,,,,,,,
addOrder,42,Manufacturer_3,300000003,30/05/2018T00:00,,,,,,,
addOrder,43,Manufacturer_4,300000004,10/10/2017T00:00,,,,,,,
addOrder,44,Manufacturer_5,300000005,17/01/2018T00:00,,,,,,,
addOrder,45,300000001,Manufacturer_1,06/06/2018T00:00,,,,,,,
addOrder,46,300000002,Manufacturer_2,07/08/2018T00:00,,,,,,,
addOrder,47,300000003,Manufacturer_3,09/09/2018T00:00,,,,,,,
addOrder,48,300000004,Manufacturer_4,10/11/2017T00:00,,,,,,,
addOrder,49,300000005,Manufacturer_5,29/12/2017T00:00,,,,,,,
addModelToManufacturer,ModelName_1,Manufacturer_1,,,,,,,,,
addModelToManufacturer,ModelName_2,Manufacturer_2,,,,,,,,,
addModelToManufacturer,ModelName_3,Manufacturer_3,,,,,,,,,
addModelToManufacturer,ModelName_4,Manufacturer_4,,,,,,,,,
addModelToManufacturer,ModelName_5,Manufacturer_5,,,,,,,,,
addModelToManufacturer,ModelName_6,Manufacturer_6,,,,,,,,,
addModelToManufacturer,ModelName_7,Manufacturer_7,,,,,,,,,
addModelToManufacturer,ModelName_8,Manufacturer_8,,,,,,,,,
addModelToManufacturer,ModelName_9,Manufacturer_9,,,,,,,,,
addModelToManufacturer,ModelName_10,Manufacturer_10,,,,,,,,,
addModelToManufacturer,ModelName_1,Manufacturer_11,,,,,,,,,
addModelToManufacturer,ModelName_2,Manufacturer_12,,,,,,,,,
addModelToManufacturer,ModelName_3,Manufacturer_13,,,,,,,,,
addModelToManufacturer,ModelName_4,Manufacturer_14,,,,,,,,,
addModelToManufacturer,ModelName_5,Manufacturer_15,,,,,,,,,
addModelToManufacturer,ModelName_6,Manufacturer_16,,,,,,,,,
addModelToManufacturer,ModelName_7,Manufacturer_17,,,,,,,,,
addModelToManufacturer,ModelName_8,Manufacturer_18,,,,,,,,,
addModelToManufacturer,ModelName_9,Manufacturer_19,,,,,,,,,
addModelToManufacturer,ModelName_10,Manufacturer_20,,,,,,,,,
addModelToManufacturer,ModelName_2,Manufacturer_1,,,,,,,,,
addModelToManufacturer,ModelName_3,Manufacturer_2,,,,,,,,,
addModelToManufacturer,ModelName_4,Manufacturer_3,,,,,,,,,
addModelToManufacturer,ModelName_5,Manufacturer_4,,,,,,,,,
addModelToManufacturer,ModelName_6,Manufacturer_5,,,,,,,,,
addModelToManufacturer,ModelName_7,Manufacturer_6,,,,,,,,,
addModelToManufacturer,ModelName_8,Manufacturer_7,,,,,,,,,
addModelToManufacturer,ModelName_9,Manufacturer_8,,,,,,,,,
addModelToManufacturer,ModelName_10,Manufacturer_9,,,,,,,,,
addModelToManufacturer,ModelName_1,Manufacturer_10,,,,,,,,,
addModelToManufacturer,ModelName_3,Manufacturer_11,,,,,,,,,
addModelToManufacturer,ModelName_4,Manufacturer_12,,,,,,,,,
addModelToManufacturer,ModelName_5,Manufacturer_13,,,,,,,,,
addModelToManufacturer,ModelName_6,Manufacturer_14,,,,,,,,,
addModelToManufacturer,ModelName_7,Manufacturer_15,,,,,,,,,
addModelToManufacturer,ModelName_8,Manufacturer_16,,,,,,,,,
addModelToManufacturer,ModelName_9,Manufacturer_17,,,,,,,,,
addModelToManufacturer,ModelName_10,Manufacturer_18,,,,,,,,,
addModelToManufacturer,ModelName_1,Manufacturer_19,,,,,,,,,
addModelToManufacturer,ModelName_2,Manufacturer_20,,,,,,,,,
addModelToManufacturer,ModelName_4,Manufacturer_1,,,,,,,,,
addModelToManufacturer,ModelName_5,Manufacturer_2,,,,,,,,,
addModelToManufacturer,ModelName_6,Manufacturer_3,,,,,,,,,
addModelToManufacturer,ModelName_7,Manufacturer_4,,,,,,,,,
addModelToManufacturer,ModelName_8,Manufacturer_5,,,,,,,,,
addModelToManufacturer,ModelName_9,Manufacturer_6,,,,,,,,,
addModelToManufacturer,ModelName_10,Manufacturer_7,,,,,,,,,
addModelToManufacturer,ModelName_1,Manufacturer_8,,,,,,,,,
addModelToManufacturer,ModelName_2,Manufacturer_9,,,,,,,,,
addModelToManufacturer,ModelName_3,Manufacturer_10,,,,,,,,,
addModelToManufacturer,ModelName_4,Manufacturer_11,,,,,,,,,
addModelToManufacturer,ModelName_5,Manufacturer_12,,,,,,,,,
addModelToManufacturer,ModelName_6,Manufacturer_13,,,,,,,,,
addPartCategoryToManufacturer,Manufacturer_1,INTERIOR,,,,,,,,,
addPartCategoryToManufacturer,Manufacturer_2,EXTERIOR,,,,,,,,,
addPartCategoryToManufacturer,Manufacturer_3,MECHANICS,,,,,,,,,
addPartCategoryToManufacturer,Manufacturer_4,ELECTRICITY,,,,,,,,,
addPartCategoryToManufacturer,Manufacturer_5,HYDRAULICS,,,,,,,,,
addPartCategoryToManufacturer,Manufacturer_6,INTERIOR,,,,,,,,,
addPartCategoryToManufacturer,Manufacturer_7,EXTERIOR,,,,,,,,,
addPartCategoryToManufacturer,Manufacturer_8,MECHANICS,,,,,,,,,
addPartCategoryToManufacturer,Manufacturer_9,ELECTRICITY,,,,,,,,,
addPartCategoryToManufacturer,Manufacturer_10,HYDRAULICS,,,,,,,,,
addPartCategoryToManufacturer,Manufacturer_11,INTERIOR,,,,,,,,,
addPartCategoryToManufacturer,Manufacturer_12,EXTERIOR,,,,,,,,,
addPartCategoryToManufacturer,Manufacturer_13,MECHANICS,,,,,,,,,
addPartCategoryToManufacturer,Manufacturer_14,ELECTRICITY,,,,,,,,,
addPartCategoryToManufacturer,Manufacturer_15,HYDRAULICS,,,,,,,,,
addPartCategoryToManufacturer,Manufacturer_16,INTERIOR,,,,,,,,,
addPartCategoryToManufacturer,Manufacturer_17,EXTERIOR,,,,,,,,,
addPartCategoryToManufacturer,Manufacturer_18,MECHANICS,,,,,,,,,
addPartCategoryToManufacturer,Manufacturer_19,ELECTRICITY,,,,,,,,,
addPartCategoryToManufacturer,Manufacturer_20,HYDRAULICS,,,,,,,,,
addPartCategoryToManufacturer,Manufacturer_1,EXTERIOR,,,,,,,,,
addPartCategoryToManufacturer,Manufacturer_2,MECHANICS,,,,,,,,,
addPartCategoryToManufacturer,Manufacturer_3,ELECTRICITY,,,,,,,,,
addPartCategoryToManufacturer,Manufacturer_4,HYDRAULICS,,,,,,,,,
addPartCategoryToManufacturer,Manufacturer_5,INTERIOR,,,,,,,,,
addPartCategoryToManufacturer,Manufacturer_6,EXTERIOR,,,,,,,,,
addPartCategoryToManufacturer,Manufacturer_7,MECHANICS,,,,,,,,,
addPartCategoryToManufacturer,Manufacturer_8,ELECTRICITY,,,,,,,,,
addPartCategoryToManufacturer,Manufacturer_9,HYDRAULICS,,,,,,,,,
addPartCategoryToManufacturer,Manufacturer_10,INTERIOR,,,,,,,,,
addPartCategoryToManufacturer,Manufacturer_11,EXTERIOR,,,,,,,,,
addPartCategoryToManufacturer,Manufacturer_12,MECHANICS,,,,,,,,,
addPartCategoryToManufacturer,Manufacturer_13,ELECTRICITY,,,,,,,,,
addPartCategoryToManufacturer,Manufacturer_14,HYDRAULICS,,,,,,,,,
addPartCategoryToManufacturer,Manufacturer_15,INTERIOR,,,,,,,,,
addPartCategoryToManufacturer,Manufacturer_16,EXTERIOR,,,,,,,,,
addPartCategoryToManufacturer,Manufacturer_17,MECHANICS,,,,,,,,,
addPartCategoryToManufacturer,Manufacturer_18,ELECTRICITY,,,,,,,,,
addPartCategoryToManufacturer,Manufacturer_19,HYDRAULICS,,,,,,,,,
addPartCategoryToManufacturer,Manufacturer_20,INTERIOR,,,,,,,,,
addPartCategoryToManufacturer,Manufacturer_1,MECHANICS,,,,,,,,,
addPartCategoryToManufacturer,Manufacturer_2,ELECTRICITY,,,,,,,,,
addPartCategoryToManufacturer,Manufacturer_3,HYDRAULICS,,,,,,,,,
addPartCategoryToManufacturer,Manufacturer_4,INTERIOR,,,,,,,,,
addPartCategoryToManufacturer,Manufacturer_5,EXTERIOR,,,,,,,,,
addPartCategoryToManufacturer,Manufacturer_6,MECHANICS,,,,,,,,,
addPartCategoryToManufacturer,Manufacturer_7,ELECTRICITY,,,,,,,,,
addPartCategoryToManufacturer,Manufacturer_8,HYDRAULICS,,,,,,,,,
addPartCategoryToManufacturer,Manufacturer_9,INTERIOR,,,,,,,,,
addPartCategoryToManufacturer,Manufacturer_10,EXTERIOR,,,,,,,,,
addVehicle,VEHCLE00000000001,ModelName_1,20,-1,,,,,,,
addVehicle,VEHCLE00000000001,ModelName_1,20,-1,,,,,,,
addVehicle,VEHCLE00000000002,ModelName_2,21,-1,,,,,,,
addVehicle,VEHCLE00000000003,ModelName_3,22,-1,,,,,,,
addVehicle,VEHCLE00000000004,ModelName_4,23,-1,,,,,,,
addVehicle,VEHCLE00000000005,ModelName_5,24,-1,,,,,,,
addVehicle,VEHCLE00000000006,ModelName_6,25,-1,,,,,,,
addVehicle,VEHCLE00000000007,ModelName_7,26,-1,,,,,,,
addVehicle,VEHCLE00000000008,ModelName_8,27,-1,,,,,,,
addVehicle,VEHCLE00000000009,ModelName_9,28,-1,,,,,,,
addVehicle,VEHCLE00000000010,ModelName_10,29,-1,,,,,,,
addVehicle,VEHCLE00000000011,ModelName_1,20,-1,,,,,,,
addVehicle,VEHCLE00000000012,ModelName_2,21,-1,,,,,,,
addVehicle,VEHCLE00000000013,ModelName_3,22,-1,,,,,,,
addVehicle,VEHCLE00000000014,ModelName_4,23,-1,,,,,,,
addVehicle,VEHCLE00000000015,ModelName_5,24,-1,,,,,,,
addVehicle,VEHCLE00000000016,ModelName_6,25,-1,,,,,,,
addVehicle,VEHCLE00000000017,ModelName_7,26,-1,,,,,,,
addVehicle,VEHCLE00000000018,ModelName_8,27,-1,,,,,,,
addVehicle,VEHCLE00000000019,ModelName_9,28,-1,,,,,,,
addVehicle,VEHCLE00000000020,ModelName_10,29,-1,,,,,,,
addVehicle,VEHCLE00000000021,ModelName_1,-1,40,,,,,,,
addVehicle,VEHCLE00000000022,ModelName_2,-1,41,,,,,,,
addVehicle,VEHCLE00000000023,ModelName_3,-1,42,,,,,,,
addVehicle,VEHCLE00000000024,ModelName_4,-1,43,,,,,,,
addVehicle,VEHCLE00000000025,ModelName_5,-1,44,,,,,,,
addVehicle,VEHCLE00000000026,ModelName_6,-1,45,,,,,,,
addVehicle,VEHCLE00000000027,ModelName_7,-1,46,,,,,,,
addVehicle,VEHCLE00000000028,ModelName_8,-1,47,,,,,,,
addVehicle,VEHCLE00000000029,ModelName_9,-1,48,,,,,,,
addVehicle,VEHCLE00000000030,ModelName_10,-1,49,,,,,,,
addVehicle,VEHCLE00000000031,ModelName_1,-1,40,,,,,,,
addVehicle,VEHCLE00000000032,ModelName_2,-1,41,,,,,,,
addVehicle,VEHCLE00000000033,ModelName_3,-1,42,,,,,,,
addVehicle,VEHCLE00000000034,ModelName_4,-1,43,,,,,,,
addVehicle,VEHCLE00000000035,ModelName_5,-1,44,,,,,,,
addVehicle,VEHCLE00000000036,ModelName_6,-1,45,,,,,,,
addVehicle,VEHCLE00000000037,ModelName_7,-1,46,,,,,,,
addVehicle,VEHCLE00000000038,ModelName_8,-1,47,,,,,,,
addVehicle,VEHCLE00000000039,ModelName_9,-1,48,,,,,,,
addVehicle,VEHCLE00000000040,ModelName_10,-1,49,,,,,,,
addWorkStation,50,INTERIOR,,,,,,,,,
addWorkStation,50,INTERIOR,,,,,,,,,
addWorkStation,51,EXTERIOR,,,,,,,,,
addWorkStation,52,MECHANICS,,,,,,,,,
addWorkStation,53,ELECTRICITY,,,,,,,,,
addWorkStation,54,HYDRAULICS,,,,,,,,,
addWorkStation,55,INTERIOR,,,,,,,,,
addWorkStation,56,EXTERIOR,,,,,,,,,
addWorkStation,57,MECHANICS,,,,,,,,,
addWorkStation,58,ELECTRICITY,,,,,,,,,
addWorkStation,59,HYDRAULICS,,,,,,,,,
addShift,01/10/2017T00:00,300000001,,,,,,,,,
addShift,02/10/2017T00:00,300000002,,,,,,,,,
addShift,03/10/2017T00:00,300000003,,,,,,,,,
addShift,04/10/2017T00:00,300000004,,,,,,,,,
addShift,05/10/2017T00:00,300000005,,,,,,,,,
addShift,06/10/2017T00:00,300000006,,,,,,,,,
addShift,07/10/2017T00:00,300000007,,,,,,,,,
addShift,08/10/2017T00:00,300000008,,,,,,,,,
addShift,09/10/2017T00:00,300000009,,,,,,,,,
addShift,10/10/2017T00:00,300000001,,,,,,,,,
addShift,01/10/2017T08:00,300000001,,,,,,,,,
addShift,02/10/2017T08:00,300000002,,,,,,,,,
addShift,03/10/2017T08:00,300000003,,,,,,,,,
addShift,04/10/2017T08:00,300000004,,,,,,,,,
addShift,05/10/2017T08:00,300000005,,,,,,,,,
addShift,06/10/2017T08:00,300000006,,,,,,,,,
addShift,07/10/2017T08:00,300000007,,,,,,,,,
addShift,08/10/2017T08:00,300000008,,,,,,,,,
addShift,09/10/2017T08:00,300000009,,,,,,,,,
addShift,10/10/2017T08:00,300000001,,,,,,,,,
addSlot,01/10/2017T00:00,20,,,,,,,,,
addSlot,01/10/2017T01:00,21,,,,,,,,,
addSlot,01/10/2017T02:00,22,,,,,,,,,
addSlot,01/10/2017T03:00,23,,,,,,,,,
addSlot,01/10/2017T04:00,24,,,,,,,,,
addSlot,01/10/2017T05:00,25,,,,,,,,,
addSlot,01/10/2017T06:00,26,,,,,,,,,
addSlot,01/10/2017T07:00,27,,,,,,,,,
addSlot,01/10/2017T08:00,28,,,,,,,,,
addSlot,01/10/2017T09:00,29,,,,,,,,,
addSlot,01/10/2017T10:00,20,,,,,,,,,
addSlot,01/10/2017T11:00,21,,,,,,,,,
addSlot,01/10/2017T12:00,22,,,,,,,,,
addSlot,01/10/2017T13:00,23,,,,,,,,,
addSlot,01/10/2017T14:00,24,,,,,,,,,
addSlot,01/10/2017T15:00,25,,,,,,,,,
addSlot,02/10/2017T00:00,26,,,,,,,,,
addSlot,02/10/2017T01:00,27,,,,,,,,,
addSlot,02/10/2017T02:00,28,,,,,,,,,
addSlot,02/10/2017T03:00,29,,,,,,,,,
addSlot,02/10/2017T04:00,20,,,,,,,,,
addSlot,02/10/2017T05:00,21,,,,,,,,,
addSlot,02/10/2017T06:00,22,,,,,,,,,
addSlot,02/10/2017T07:00,23,,,,,,,,,
addSlot,02/10/2017T08:00,24,,,,,,,,,
addSlot,02/10/2017T09:00,25,,,,,,,,,
addSlot,02/10/2017T10:00,26,,,,,,,,,
addSlot,02/10/2017T11:00,27,,,,,,,,,
addSlot,02/10/2017T12:00,28,,,,,,,,,
addSlot,02/10/2017T13:00,29,,,,,,,,,
addSlot,02/10/2017T14:00,20,,,,,,,,,
addSlot,02/10/2017T15:00,21,,,,,,,,,
addSlot,03/10/2017T00:00,22,,,,,,,,,
addSlot,03/10/2017T01:00,23,,,,,,,,,
addSlot,03/10/2017T02:00,24,,,,,,,,,
addSlot,03/10/2017T03:00,25,,,,,,,,,
addSlot,03/10/2017T04:00,26,,,,,,,,,
addSlot,03/10/2017T05:00,27,,,,,,,,,
addSlot,03/10/2017T06:00,28,,,,,,,,,
addSlot,03/10/2017T07:00,29,,,,,,,,,
addSlot,03/10/2017T08:00,20,,,,,,,,,
addSlot,03/10/2017T09:00,21,,,,,,,,,
addSlot,03/10/2017T10:00,22,,,,,,,,,
addSlot,03/10/2017T11:00,23,,,,,,,,,
addSlot,03/10/2017T12:00,24,,,,,,,,,
addSlot,03/10/2017T13:00,25,,,,,,,,,
addSlot,03/10/2017T14:00,26,,,,,,,,,
addSlot,03/10/2017T15:00,27,,,,,,,,,
addSlot,04/10/2017T00:00,28,,,,,,,,,
addSlot,04/10/2017T01:00,29,,,,,,,,,
addSlot,04/10/2017T02:00,20,,,,,,,,,
addSlot,04/10/2017T03:00,21,,,,,,,,,
addSlot,04/10/2017T04:00,22,,,,,,,,,
addSlot,04/10/2017T05:00,23,,,,,,,,,
addSlot,04/10/2017T06:00,24,,,,,,,,,
addSlot,04/10/2017T07:00,25,,,,,,,,,
addSlot,04/10/2017T08:00,26,,,,,,,,,
addSlot,04/10/2017T09:00,27,,,,,,,,,
addSlot,04/10/2017T10:00,28,,,,,,,,,
addSlot,04/10/2017T11:00,29,,,,,,,,,
addSlot,04/10/2017T12:00,20,,,,,,,,,
addSlot,04/10/2017T13:00,21,,,,,,,,,
addSlot,04/10/2017T14:00,22,,,,,,,,,
addSlot,04/10/2017T15:00,23,,,,,,,,,
addSlot,05/10/2017T01:00,24,,,,,,,,,
addSlot,05/10/2017T02:00,25,,,,,,,,,
addSlot,05/10/2017T03:00,26,,,,,,,,,
addSlot,05/10/2017T04:00,27,,,,,,,,,
addSlot,05/10/2017T05:00,28,,,,,,,,,
addSlot,05/10/2017T06:00,29,,,,,,,,,
addSlot,05/10/2017T07:00,20,,,,,,,,,
addSlot,05/10/2017T08:00,21,,,,,,,,,
addSlot,05/10/2017T09:00,22,,,,,,,,,
addSlot,05/10/2017T10:00,23,,,,,,,,,
addSlot,05/10/2017T11:00,24,,,,,,,,,
addSlot,05/10/2017T12:00,25,,,,,,,,,
addSlot,05/10/2017T13:00,26,,,,,,,,,
addSlot,05/10/2017T14:00,27,,,,,,,,,
addSlot,05/10/2017T15:00,28,,,,,,,,,
addSlot,06/10/2017T00:00,29,,,,,,,,,
addSlot,06/10/2017T01:00,20,,,,,,,,,
addSlot,06/10/2017T02:00,21,,,,,,,,,
addSlot,06/10/2017T03:00,22,,,,,,,,,
addSlot,06/10/2017T04:00,23,,,,,,,,,
addSlot,06/10/2017T05:00,24,,,,,,,,,
addSlot,06/10/2017T06:00,25,,,,,,,,,
addSlot,06/10/2017T07:00,26,,,,,,,,,
addSlot,06/10/2017T08:00,27,,,,,,,,,
addSlot,06/10/2017T09:00,28,,,,,,,,,
addSlot,06/10/2017T10:00,29,,,,,,,,,
addSlot,06/10/2017T11:00,20,,,,,,,,,
addSlot,06/10/2017T12:00,21,,,,,,,,,
addSlot,06/10/2017T13:00,22,,,,,,,,,
addSlot,06/10/2017T14:00,23,,,,,,,,,
addSlot,06/10/2017T15:00,24,,,,,,,,,
addSlot,07/10/2017T00:00,25,,,,,,,,,
addSlot,07/10/2017T01:00,26,,,,,,,,,
addSlot,07/10/2017T02:00,27,,,,,,,,,
addSlot,07/10/2017T03:00,28,,,,,,,,,
addSlot,07/10/2017T04:00,29,,,,,,,,,
addSlot,07/10/2017T05:00,20,,,,,,,,,
addSlot,07/10/2017T06:00,21,,,,,,,,,
addSlot,07/10/2017T07:00,22,,,,,,,,,
addSlot,07/10/2017T08:00,23,,,,,,,,,
addSlot,07/10/2017T09:00,24,,,,,,,,,
addSlot,07/10/2017T10:00,25,,,,,,,,,
addSlot,07/10/2017T11:00,26,,,,,,,,,
addSlot,07/10/2017T12:00,27,,,,,,,,,
addSlot,07/10/2017T13:00,28,,,,,,,,,
addSlot,07/10/2017T14:00,29,,,,,,,,,
addSlot,07/10/2017T15:00,20,,,,,,,,,
addSlot,08/10/2017T00:00,21,,,,,,,,,
addSlot,08/10/2017T01:00,22,,,,,,,,,
addSlot,08/10/2017T02:00,23,,,,,,,,,
addSlot,08/10/2017T03:00,24,,,,,,,,,
addSlot,08/10/2017T04:00,25,,,,,,,,,
addSlot,08/10/2017T05:00,26,,,,,,,,,
addSlot,08/10/2017T06:00,27,,,,,,,,,
addSlot,08/10/2017T07:00,28,,,,,,,,,
addSlot,08/10/2017T08:00,29,,,,,,,,,
addSlot,08/10/2017T09:00,20,,,,,,,,,
addSlot,08/10/2017T10:00,21,,,,,,,,,
addSlot,08/10/2017T11:00,22,,,,,,,,,
addSlot,08/10/2017T12:00,23,,,,,,,,,
addSlot,08/10/2017T13:00,24,,,,,,,,,
addSlot,08/10/2017T14:00,25,,,,,,,,,
addSlot,08/10/2017T15:00,26,,,,,,,,,
addSlot,09/10/2017T00:00,27,,,,,,,,,
addSlot,09/10/2017T01:00,28,,,,,,,,,
addSlot,09/10/2017T02:00,29,,,,,,,,,
addSlot,09/10/2017T03:00,20,,,,,,,,,
addSlot,09/10/2017T04:00,21,,,,,,,,,
addSlot,09/10/2017T05:00,22,,,,,,,,,
addSlot,09/10/2017T06:00,23,,,,,,,,,
addSlot,09/10/2017T07:00,24,,,,,,,,,
addSlot,09/10/2017T08:00,25,,,,,,,,,
addSlot,09/10/2017T09:00,26,,,,,,,,,
addSlot,09/10/2017T10:00,27,,,,,,,,,
addSlot,09/10/2017T11:00,28,,,,,,,,,
addSlot,09/10/2017T12:00,29,,,,,,,,,
addSlot,09/10/2017T13:00,20,,,,,,,,,
addSlot,09/10/2017T14:00,21,,,,,,,,,
addSlot,09/10/2017T15:00,22,,,,,,,,,
addSlot,10/10/2017T00:00,23,,,,,,,,,
addSlot,10/10/2017T01:00,24,,,,,,,,,
addSlot,10/10/2017T02:00,25,,,,,,,,,
addSlot,10/10/2017T03:00,26,,,,,,,,,
addSlot,10/10/2017T04:00,27,,,,,,,,,
addSlot,10/10/2017T05:00,28,,,,,,,,,
addSlot,10/10/2017T06:00,29,,,,,,,,,
addSlot,10/10/2017T07:00,21,,,,,,,,,
addSlot,10/10/2017T08:00,22,,,,,,,,,
addSlot,10/10/2017T09:00,23,,,,,,,,,
addSlot,10/10/2017T10:00,24,,,,,,,,,
addSlot,10/10/2017T11:00,25,,,,,,,,,
addSlot,10/10/2017T12:00,26,,,,,,,,,
addSlot,10/10/2017T13:00,27,,,,,,,,,
addSlot,10/10/2017T14:00,28,,,,,,,,,
addSlot,10/10/2017T15:00,29,,,,,,,,,
addVehicleToWarehouse,VEHCLE00000000014,1,,,,,,,,,
addVehicleToWarehouse,VEHCLE00000000015,2,,,,,,,,,
addVehicleToWarehouse,VEHCLE00000000016,3,,,,,,,,,
addVehicleToWarehouse,VEHCLE00000000017,4,,,,,,,,,
addVehicleToWarehouse,VEHCLE00000000018,5,,,,,,,,,
addVehicleToWarehouse,VEHCLE00000000019,6,,,,,,,,,
addVehicleToWarehouse,VEHCLE00000000020,7,,,,,,,,,
addVehicleToWarehouse,VEHCLE00000000021,8,,,,,,,,,
addVehicleToWarehouse,VEHCLE00000000022,9,,,,,,,,,
addVehicleToWarehouse,VEHCLE00000000023,1,,,,,,,,,
addVehicleToWarehouse,VEHCLE00000000024,2,,,,,,,,,
addVehicleToWarehouse,VEHCLE00000000025,3,,,,,,,,,
addVehicleToWarehouse,VEHCLE00000000026,4,,,,,,,,,
addVehicleToWarehouse,VEHCLE00000000027,5,,,,,,,,,
addPartTypeToWarehouse,30,7,1,,,,,,,,
addPartTypeToWarehouse,31,5,2,,,,,,,,
addPartTypeToWarehouse,32,10,3,,,,,,,,
addPartTypeToWarehouse,33,52,4,,,,,,,,
addPartTypeToWarehouse,34,12,5,,,,,,,,
addPartTypeToWarehouse,35,45,6,,,,,,,,
addPartTypeToWarehouse,36,68,7,,,,,,,,
addPartTypeToWarehouse,37,12,8,,,,,,,,
addPartTypeToWarehouse,38,20,9,,,,,,,,
addPartTypeToWarehouse,39,30,1,,,,,,,,
addPartTypeToWarehouse,30,5,2,,,,,,,,
addPartTypeToWarehouse,31,15,3,,,,,,,,
addPartTypeToWarehouse,32,45,4,,,,,,,,
addPartTypeToWarehouse,33,20,5,,,,,,,,
addPartTypeToWarehouse,34,32,6,,,,,,,,
addPartTypeToWarehouse,35,15,7,,,,,,,,
addPartTypeToWarehouse,36,84,8,,,,,,,,
addPartTypeToWarehouse,37,21,9,,,,,,,,
addPartTypeToWarehouse,38,3,1,,,,,,,,
addPartToModel,30,1,ModelName_1,,,,,,,,
addPartToModel,31,2,ModelName_2,,,,,,,,
addPartToModel,32,3,ModelName_3,,,,,,,,
addPartToModel,33,4,ModelName_4,,,,,,,,
addPartToModel,34,5,ModelName_5,,,,,,,,
addPartToModel,35,3,ModelName_6,,,,,,,,
addPartToModel,36,2,ModelName_7,,,,,,,,
addPartToModel,37,2,ModelName_8,,,,,,,,
addPartToModel,38,3,ModelName_9,,,,,,,,
addPartToModel,39,4,ModelName_10,,,,,,,,
addPartToModel,31,5,ModelName_1,,,,,,,,
addPartToModel,32,6,ModelName_2,,,,,,,,
addPartToModel,33,3,ModelName_3,,,,,,,,
addPartToModel,34,2,ModelName_4,,,,,,,,
addPartToModel,35,2,ModelName_5,,,,,,,,
addPartToModel,36,3,ModelName_6,,,,,,,,
addPartToModel,37,4,ModelName_7,,,,,,,,
addPartToModel,38,5,ModelName_8,,,,,,,,
addPartToModel,39,1,ModelName_9,,,,,,,,
addPartToModel,30,2,ModelName_10,,,,,,,,
addManufacturerToPart,30,Manufacturer_1,,,,,,,,,
addManufacturerToPart,31,Manufacturer_2,,,,,,,,,
addManufacturerToPart,32,Manufacturer_3,,,,,,,,,
addManufacturerToPart,33,Manufacturer_4,,,,,,,,,
addManufacturerToPart,34,Manufacturer_5,,,,,,,,,
addManufacturerToPart,35,Manufacturer_6,,,,,,,,,
addManufacturerToPart,36,Manufacturer_7,,,,,,,,,
addManufacturerToPart,37,Manufacturer_8,,,,,,,,,
addManufacturerToPart,38,Manufacturer_9,,,,,,,,,
addManufacturerToPart,39,Manufacturer_10,,,,,,,,,
addManufacturerToPart,30,Manufacturer_11,,,,,,,,,
addManufacturerToPart,31,Manufacturer_12,,,,,,,,,
addManufacturerToPart,32,Manufacturer_13,,,,,,,,,
addManufacturerToPart,33,Manufacturer_14,,,,,,,,,
addManufacturerToPart,34,Manufacturer_15,,,,,,,,,
addManufacturerToPart,35,Manufacturer_16,,,,,,,,,
addManufacturerToPart,36,Manufacturer_17,,,,,,,,,
addManufacturerToPart,37,Manufacturer_18,,,,,,,,,
addManufacturerToPart,38,Manufacturer_19,,,,,,,,,
addManufacturerToPart,39,Manufacturer_20,,,,,,,,,
addManufacturerToPart,30,Manufacturer_1,,,,,,,,,
addManufacturerToPart,31,Manufacturer_2,,,,,,,,,
addManufacturerToPart,32,Manufacturer_3,,,,,,,,,
addManufacturerToPart,33,Manufacturer_4,,,,,,,,,
addManufacturerToPart,34,Manufacturer_5,,,,,,,,,
addManufacturerToPart,35,Manufacturer_6,,,,,,,,,
addManufacturerToPart,36,Manufacturer_7,,,,,,,,,
addManufacturerToPart,37,Manufacturer_8,,,,,,,,,
addManufacturerToPart,38,Manufacturer_9,,,,,,,,,
addManufacturerToPart,39,Manufacturer_10,,,,,,,,,
addPartTypeToOrder,40,30,5,,,,,,,,
addPartTypeToOrder,41,31,12,,,,,,,,
addPartTypeToOrder,42,32,32,,,,,,,,
addPartTypeToOrder,43,33,144,,,,,,,,
addPartTypeToOrder,44,34,32,,,,,,,,
addPartTypeToOrder,45,35,45,,,,,,,,
addPartTypeToOrder,46,36,96,,,,,,,,
addPartTypeToOrder,47,37,74,,,,,,,,
addPartTypeToOrder,48,38,85,,,,,,,,
addPartTypeToOrder,49,39,65,,,,,,,,
addPartTypeToOrder,40,31,96,,,,,,,,
addPartTypeToOrder,41,32,12,,,,,,,,
addPartTypeToOrder,42,33,22,,,,,,,,
addPartTypeToOrder,43,34,33,,,,,,,,
addPartTypeToOrder,44,35,44,,,,,,,,
addPartTypeToOrder,45,36,55,,,,,,,,
addPartTypeToOrder,46,37,6,,,,,,,,
addPartTypeToOrder,47,38,77,,,,,,,,
addPartTypeToOrder,48,39,8,,,,,,,,
addPartTypeToOrder,49,30,9,,,,,,,,
addWorkStationToProductionPlanType,50,11,0,,,,,,,,
addWorkStationToProductionPlanType,51,11,1,,,,,,,,
addWorkStationToProductionPlanType,52,11,2,,,,,,,,
addWorkStationToProductionPlanType,53,11,3,,,,,,,,
addWorkStationToProductionPlanType,54,12,0,,,,,,,,
addWorkStationToProductionPlanType,55,12,1,,,,,,,,
addWorkStationToProductionPlanType,56,12,2,,,,,,,,
addWorkStationToProductionPlanType,57,12,3,,,,,,,,
addWorkStationToProductionPlanType,58,13,0,,,,,,,,
addWorkStationToProductionPlanType,59,13,1,,,,,,,,
addWorkStationToProductionPlanType,50,13,2,,,,,,,,
addWorkStationToProductionPlanType,51,13,3,,,,,,,,
addWorkStationToProductionPlanType,52,14,0,,,,,,,,
addWorkStationToProductionPlanType,53,14,1,,,,,,,,
addWorkStationToProductionPlanType,54,14,2,,,,,,,,
addWorkStationToProductionPlanType,55,14,3,,,,,,,,
addWorkStationToProductionPlanType,56,15,0,,,,,,,,
addWorkStationToProductionPlanType,57,15,1,,,,,,,,
addWorkStationToProductionPlanType,58,15,2,,,,,,,,
addWorkStationToProductionPlanType,59,15,3,,,,,,,,
addWorkStationToProductionPlanType,50,16,0,,,,,,,,
addWorkStationToProductionPlanType,51,16,1,,,,,,,,
addWorkStationToProductionPlanType,52,16,2,,,,,,,,
addWorkStationToProductionPlanType,53,16,3,,,,,,,,
addWorkStationToProductionPlanType,54,11,4,,,,,,,,
addWorkStationToProductionPlanType,55,11,5,,,,,,,,
addWorkStationToProductionPlanType,56,11,6,,,,,,,,
addWorkStationToProductionPlanType,57,11,7,,,,,,,,
addWorkStationToProductionPlanType,58,12,4,,,,,,,,
addWorkStationToProductionPlanType,59,12,5,,,,,,,,
addWorkStationToProductionPlanType,50,12,6,,,,,,,,
addWorkStationToProductionPlanType,51,12,7,,,,,,,,
addWorkStationToProductionPlanType,52,13,4,,,,,,,,
addWorkStationToProductionPlanType,53,13,5,,,,,,,,
addWorkStationToProductionPlanType,54,13,6,,,,,,,,
addWorkStationToProductionPlanType,55,13,7,,,,,,,,
addWorkStationToProductionPlanType,56,14,4,,,,,,,,
addWorkStationToProductionPlanType,57,14,5,,,,,,,,
addWorkStationToProductionPlanType,58,14,6,,,,,,,,
addWorkStationToProductionPlanType,59,14,7,,,,,,,,
addWorkStationToWorker,50,300000010,,,,,,,,,
addWorkStationToWorker,51,300000011,,,,,,,,,
addWorkStationToWorker,52,300000012,,,,,,,,,
addWorkStationToWorker,53,300000013,,,,,,,,,
addWorkStationToWorker,54,300000014,,,,,,,,,
addWorkStationToWorker,55,300000015,,,,,,,,,
addWorkStationToWorker,56,300000016,,,,,,,,,
addWorkStationToWorker,57,300000017,,,,,,,,,
addWorkStationToWorker,58,300000018,,,,,,,,,
addWorkStationToWorker,59,300000019,,,,,,,,,
addWorkStationToWorker,50,300000020,,,,,,,,,
addWorkStationToWorker,51,300000021,,,,,,,,,
addWorkStationToWorker,52,300000022,,,,,,,,,
addWorkStationToWorker,53,300000023,,,,,,,,,
addWorkStationToWorker,54,300000024,,,,,,,,,
addWorkStationToWorker,55,300000025,,,,,,,,,
addWorkStationToWorker,56,300000026,,,,,,,,,
addWorkStationToWorker,57,300000027,,,,,,,,,
addWorkStationToWorker,58,300000028,,,,,,,,,
addWorkStationToWorker,59,300000029,,,,,,,,,
addWorkStationToWorker,51,300000010,,,,,,,,,
addWorkStationToWorker,52,300000011,,,,,,,,,
addWorkStationToWorker,53,300000012,,,,,,,,,
addWorkStationToWorker,54,300000013,,,,,,,,,
addWorkStationToWorker,55,300000014,,,,,,,,,
addWorkStationToWorker,56,300000015,,,,,,,,,
addWorkStationToWorker,57,300000016,,,,,,,,,
addWorkStationToWorker,58,300000017,,,,,,,,,
addWorkStationToWorker,59,300000018,,,,,,,,,
addWorkStationToWorker,50,300000019,,,,,,,,,
addWorkStationToWorker,51,300000020,,,,,,,,,
addWorkStationToWorker,52,300000021,,,,,,,,,
addWorkStationToWorker,53,300000022,,,,,,,,,
addWorkStationToWorker,54,300000023,,,,,,,,,
addWorkStationToWorker,55,300000024,,,,,,,,,
addWorkStationToWorker,56,300000025,,,,,,,,,
addWorkStationToWorker,57,300000026,,,,,,,,,
addWorkStationToWorker,58,300000027,,,,,,,,,
addWorkStationToWorker,59,300000028,,,,,,,,,
addWorkStationToWorker,50,300000029,,,,,,,,,
addWorkStationToWorker,52,300000010,,,,,,,,,
addWorkStationToWorker,53,300000011,,,,,,,,,
addWorkStationToWorker,54,300000012,,,,,,,,,
addWorkStationToWorker,55,300000013,,,,,,,,,
addWorkStationToWorker,56,300000014,,,,,,,,,
addWorkStationToWorker,57,300000015,,,,,,,,,
addWorkStationToWorker,58,300000016,,,,,,,,,
addWorkStationToWorker,59,300000017,,,,,,,,,
addWorkStationToWorker,50,300000018,,,,,,,,,
addWorkStationToWorker,51,300000019,,,,,,,,,
addWorkStationToWorker,52,300000020,,,,,,,,,
addWorkStationToWorker,53,300000021,,,,,,,,,
addWorkStationToWorker,54,300000022,,,,,,,,,
addWorkStationToWorker,55,300000023,,,,,,,,,
addWorkStationToWorker,56,300000024,,,,,,,,,
addWorkStationToWorker,57,300000025,,,,,,,,,
addWorkStationToWorker,58,300000026,,,,,,,,,
addWorkStationToWorker,59,300000027,,,,,,,,,
addWorkStationToWorker,50,300000028,,,,,,,,,
addWorkStationToWorker,51,300000029,,,,,,,,,
addShiftToWorker,01/10/2017T00:00,300000010,,,,,,,,,
addShiftToWorker,02/10/2017T00:00,300000011,,,,,,,,,
addShiftToWorker,03/10/2017T00:00,300000012,,,,,,,,,
addShiftToWorker,04/10/2017T00:00,300000013,,,,,,,,,
addShiftToWorker,05/10/2017T00:00,300000014,,,,,,,,,
addShiftToWorker,06/10/2017T00:00,300000015,,,,,,,,,
addShiftToWorker,07/10/2017T00:00,300000016,,,,,,,,,
addShiftToWorker,08/10/2017T00:00,300000017,,,,,,,,,
addShiftToWorker,09/10/2017T00:00,300000018,,,,,,,,,
addShiftToWorker,10/10/2017T00:00,300000019,,,,,,,,,
addShiftToWorker,01/10/2017T08:00,300000020,,,,,,,,,
addShiftToWorker,02/10/2017T08:00,300000021,,,,,,,,,
addShiftToWorker,03/10/2017T08:00,300000022,,,,,,,,,
addShiftToWorker,04/10/2017T08:00,300000023,,,,,,,,,
addShiftToWorker,05/10/2017T08:00,300000024,,,,,,,,,
addShiftToWorker,06/10/2017T08:00,300000025,,,,,,,,,
addShiftToWorker,07/10/2017T08:00,300000026,,,,,,,,,
addShiftToWorker,08/10/2017T08:00,300000027,,,,,,,,,
addShiftToWorker,09/10/2017T08:00,300000028,,,,,,,,,
addShiftToWorker,10/10/2017T08:00,300000029,,,,,,,,,
addShiftToWorker,01/10/2017T00:00,300000011,,,,,,,,,
addShiftToWorker,02/10/2017T00:00,300000012,,,,,,,,,
addShiftToWorker,03/10/2017T00:00,300000013,,,,,,,,,
addShiftToWorker,04/10/2017T00:00,300000014,,,,,,,,,
addShiftToWorker,05/10/2017T00:00,300000015,,,,,,,,,
addShiftToWorker,06/10/2017T00:00,300000016,,,,,,,,,
addShiftToWorker,07/10/2017T00:00,300000017,,,,,,,,,
addShiftToWorker,08/10/2017T00:00,300000018,,,,,,,,,
addShiftToWorker,09/10/2017T00:00,300000019,,,,,,,,,
addShiftToWorker,10/10/2017T00:00,300000020,,,,,,,,,
addShiftToWorker,01/10/2017T08:00,300000021,,,,,,,,,
addShiftToWorker,02/10/2017T08:00,300000022,,,,,,,,,
addShiftToWorker,03/10/2017T08:00,300000023,,,,,,,,,
addShiftToWorker,04/10/2017T08:00,300000024,,,,,,,,,
addShiftToWorker,05/10/2017T08:00,300000025,,,,,,,,,
addShiftToWorker,06/10/2017T08:00,300000026,,,,,,,,,
addShiftToWorker,07/10/2017T08:00,300000027,,,,,,,,,
addShiftToWorker,08/10/2017T08:00,300000028,,,,,,,,,
addShiftToWorker,09/10/2017T08:00,300000029,,,,,,,,,
addShiftToWorker,10/10/2017T08:00,300000010,,,,,,,,,
addShiftToWorker,01/10/2017T00:00,300000012,,,,,,,,,
addShiftToWorker,02/10/2017T00:00,300000013,,,,,,,,,
addShiftToWorker,03/10/2017T00:00,300000014,,,,,,,,,
addShiftToWorker,04/10/2017T00:00,300000015,,,,,,,,,
addShiftToWorker,05/10/2017T00:00,300000016,,,,,,,,,
addShiftToWorker,06/10/2017T00:00,300000017,,,,,,,,,
addShiftToWorker,07/10/2017T00:00,300000018,,,,,,,,,
addShiftToWorker,08/10/2017T00:00,300000019,,,,,,,,,
addShiftToWorker,09/10/2017T00:00,300000020,,,,,,,,,
addShiftToWorker,10/10/2017T00:00,300000021,,,,,,,,,
addShiftToWorker,01/10/2017T08:00,300000022,,,,,,,,,
addShiftToWorker,02/10/2017T08:00,300000023,,,,,,,,,
addShiftToWorker,03/10/2017T08:00,300000024,,,,,,,,,
addShiftToWorker,04/10/2017T08:00,300000025,,,,,,,,,
addShiftToWorker,05/10/2017T08:00,300000026,,,,,,,,,
addShiftToWorker,06/10/2017T08:00,300000027,,,,,,,,,
addShiftToWorker,07/10/2017T08:00,300000028,,,,,,,,,
addShiftToWorker,08/10/2017T08:00,300000029,,,,,,,,,
addShiftToWorker,09/10/2017T08:00,300000011,,,,,,,,,
addShiftToWorker,10/10/2017T08:00,300000013,,,,,,,,,
addShiftToWorker,01/10/2017T00:00,300000014,,,,,,,,,
addShiftToWorker,02/10/2017T00:00,300000015,,,,,,,,,
addShiftToWorker,03/10/2017T00:00,300000016,,,,,,,,,
addShiftToWorker,04/10/2017T00:00,300000017,,,,,,,,,
addShiftToWorker,05/10/2017T00:00,300000018,,,,,,,,,
addShiftToWorker,06/10/2017T00:00,300000019,,,,,,,,,
addShiftToWorker,07/10/2017T00:00,300000020,,,,,,,,,
addShiftToWorker,08/10/2017T00:00,300000021,,,,,,,,,
addShiftToWorker,09/10/2017T00:00,300000022,,,,,,,,,
addShiftToWorker,10/10/2017T00:00,300000023,,,,,,,,,
addShiftToWorker,01/10/2017T08:00,300000024,,,,,,,,,
addShiftToWorker,02/10/2017T08:00,300000025,,,,,,,,,
addShiftToWorker,03/10/2017T08:00,300000026,,,,,,,,,
addShiftToWorker,04/10/2017T08:00,300000027,,,,,,,,,
addShiftToWorker,05/10/2017T08:00,300000028,,,,,,,,,
addShiftToWorker,06/10/2017T08:00,300000029,,,,,,,,,
addShiftToWorker,07/10/2017T08:00,300000011,,,,,,,,,
addShiftToWorker,08/10/2017T08:00,300000014,,,,,,,,,
addShiftToWorker,09/10/2017T08:00,300000015,,,,,,,,,
addShiftToWorker,10/10/2017T08:00,300000016,,,,,,,,,
removeModelFromManufacturer,ModelName_1,Manufacturer_1,,,,,,,,,
removeModelFromManufacturer,ModelName_1,Manufacturer_2,,,,,,,,,
removePartCategoryFromManufacturer,Manufacturer_1,HYDRAULICS,,,,,,,,,
removePartCategoryFromManufacturer,Manufacturer_1,EXTERIOR,,,,,,,,,
removeVehicleFromWarehouse,VEHCLE00000000014,1,,,,,,,,,
removeVehicleFromWarehouse,VEHCLE00000000015,1,,,,,,,,,
removePartTypeFromWarehouse,30,7,1,,,,,,,,
removePartTypeFromWarehouse,31,3,2,,,,,,,,
removePartTypeFromWarehouse,32,5,1,,,,,,,,
removePartFromModel,30,1,ModelName_1,,,,,,,,
removePartFromModel,31,1,ModelName_2,,,,,,,,
removePartFromModel,32,3,ModelName_1,,,,,,,,
removeManufacturerFromPart,30,Manufacturer_1,,,,,,,,,
removeManufacturerFromPart,31,Manufacturer_1,,,,,,,,,
removePartTypeFromOrder,40,30,5,,,,,,,,
removePartTypeFromOrder,41,31,5,,,,,,,,
removePartTypeFromOrder,40,32,32,,,,,,,,
removeWorkStationFromProductionPlanType,50,11,,,,,,,,,
removeWorkStationFromProductionPlanType,50,13,,,,,,,,,
removeWorkStationFromWorker,50,300000010,,,,,,,,,
removeWorkStationFromWorker,51,300000010,,,,,,,,,
removeShiftFromWorker,01/10/2017T00:00,300000010,,,,,,,,,
removeShiftFromWorker,02/10/2017T00:00,300000010,,,,,,,,,
removeManufacturer,Manufacturer_1,,,,,,,,,,
removeWarehouse,1,,,,,,,,,,
removeProductionPlanType,11,,,,,,,,,,
removeProductionPlan,20,,,,,,,,,,
removeVehicleModel,ModelName_1,,,,,,,,,,
removePartType,30,,,,,,,,,,
removeOrder,40,,,,,,,,,,
removeVehicle,VEHCLE00000000014,,,,,,,,,,
removeWorkStation,50,,,,,,,,,,
removeEmployee,300000031,,,,,,,,,,
removeShift,01/10/2017T00:00,,,,,,,,,,
getAllWarehousesInManufacturerCountry,Manufacturer_2,,,,,,,,,,
findVehicleInCity,Israel,Tel Aviv,ModelName_9,,,,,,,,
getMostProfitableManufacturer,,,,,,,,,,,
getMissingPartsForProductionPlan,20,,,,,,,,,,
getLastFutureProductionOfModel,ModelName_3,,,,,,,,,,
findShiftByTime,01/10/2017T08:00,,,,,,,,,,
getAllShiftsOrderedByNumberOfProductionPlanTypes,,,,,,,,,,,
getKModelsWithLeastVehicles,2,,,,,,,,,,
getNumberOfPartsForEachOrder,,,,,,,,,,,
getAllEmployeesOrderedByTypeAndById,,,,,,,,,,,
getAllEmployeesOrderedBySalaryInMonth,01/10/2017T00:00,TRUE,,,,,,,,,
getProductionPlanTypesOrderedByNumberOfSlots,,,,,,,,,,,
getAllHourlyEmployeesWithShiftsAndSlots,,,,,,,,,,,
getPartsQuantityInAllOrders,,,,,,,,,,,